section,sku_id,name,price_rub,appetite_score_data,image_quality_score,food_styling_score,taste_bucket,image_path,image_url
furshetmenu,furshetmenu-017,Салат кокетка с ананасом,1100.0,2.91,2.8,3.04,low,artifacts/sku-audit/images/furshetmenu/furshetmenu-017.png,https://363363.ru/images/no_product.png?crc=4237949635
furshetmenu,furshetmenu-020,Салат мужской каприз,1800.0,2.91,2.8,3.04,low,artifacts/sku-audit/images/furshetmenu/furshetmenu-020.png,https://363363.ru/images/no_product.png?crc=4237949635
furshetmenu,furshetmenu-023,Рулет из скумбрии,1450.0,3.14,3.24,3.02,low,artifacts/sku-audit/images/furshetmenu/furshetmenu-023.png,https://363363.ru/images/no_product-crop-u80804.png?crc=3897203627
hot,hot-037,Фаршированные куриные ножки,1200.0,3.14,3.24,3.02,low,artifacts/sku-audit/images/hot/hot-037.png,https://363363.ru/images/no_product-crop-u80965.png?crc=234032600
desert,desert-022,Десерт Трайфл изумрудный,250.0,3.14,3.24,3.02,low,artifacts/sku-audit/images/desert/desert-022.png,https://363363.ru/images/no_product-crop-u81128.png?crc=4198338705
desert,desert-024,Медовые пирожные,150.0,3.14,3.24,3.02,low,artifacts/sku-audit/images/desert/desert-024.png,https://363363.ru/images/no_product-crop-u81221.png?crc=4198338705
desert,desert-025,Десерт Павлова,150.0,3.14,3.24,3.02,low,artifacts/sku-audit/images/desert/desert-025.png,https://363363.ru/images/no_product-crop-u81276.png?crc=4198338705
napitki,napitki-012,Сок Добрый Виноград,,3.25,4.33,1.93,low,artifacts/sku-audit/images/napitki/napitki-012.png,https://363363.ru/images/vinograd-800x600.png?crc=102690422
desert,desert-021,Десерт Баннофи пай,270.0,4.06,4.53,3.49,low,artifacts/sku-audit/images/desert/desert-021.jpg,https://363363.ru/images/36aaa2a61a03e926fd29e96f539255d1.jpg?crc=448194525
desert,desert-018,Пирожное презент,150.0,4.13,4.72,3.42,low,artifacts/sku-audit/images/desert/desert-018.jpg,https://363363.ru/images/image%20147.jpg?crc=4195451552
desert,desert-019,Пирожное йогуртовое,150.0,4.55,4.94,4.07,low,artifacts/sku-audit/images/desert/desert-019.jpg,https://363363.ru/images/51188528-crop-u56971.jpg?crc=419396842
hot,hot-027,Бефстроганов из куриного филе,950.0,4.64,5.14,4.04,low,artifacts/sku-audit/images/hot/hot-027.jpg,https://363363.ru/images/image%2070%20(3).jpg?crc=286220854
desert,desert-023,Пирожное ШУ французское,270.0,4.72,4.94,4.45,low,artifacts/sku-audit/images/desert/desert-023.jpg,https://363363.ru/images/%d0%b8%d0%b7%d0%be%d0%b1%d1%80%d0%b0%d0%b6%d0%b5%d0%bd%d0%b8%d0%b5%20whatsapp%202024-01-23%20%d0%b2%20151143_1ae2e5aa.jpg?crc=3836971580
napitki,napitki-001,Bon Aqua газ.,,4.75,5.98,3.25,low,artifacts/sku-audit/images/napitki/napitki-001.jpg,https://363363.ru/images/147m.jpg?crc=3974552521
furshetmenu,furshetmenu-019,Селедочка с луком,1050.0,4.9,5.22,4.52,low,artifacts/sku-audit/images/furshetmenu/furshetmenu-019.jpg,https://363363.ru/images/111-07.jpg?crc=435264988
desert,desert-006,Буше,150.0,4.9,4.99,4.79,low,artifacts/sku-audit/images/desert/desert-006.jpg,https://363363.ru/images/ss14.jpg?crc=3771460627
hot,hot-030,Семга на пару,2950.0,4.94,5.91,3.75,low,artifacts/sku-audit/images/hot/hot-030.jpg,https://363363.ru/images/image%2070%20(6).jpg?crc=3819116667
hot,hot-021,Вкусные рулетики из кабачков с курицей,,4.95,4.18,5.89,low,artifacts/sku-audit/images/hot/hot-021.jpg,https://363363.ru/images/88db3606da5154dfb50c797a0d3fbd21-crop-u50128.jpg?crc=3970518633
napitki,napitki-006,Сок апельсиновый свежевыжатый,350.0,5.01,4.77,5.31,mid,artifacts/sku-audit/images/napitki/napitki-006.jpg,https://363363.ru/images/%d1%81%d0%be%d0%ba-%d0%b0%d0%bf%d0%b5%d0%bb%d1%8c%d1%81%d0%b8%d0%bd%d0%be%d0%b2%d1%8b%d0%b9-%d1%81%d0%b2%d0%b5%d0%b6%d0%b5%d0%b2%d1%8b%d0%b6%d0%b0%d1%82%d1%8b%d0%b9.jpg?crc=135755
desert,desert-015,Пирожное молочная девочка,150.0,5.02,6.33,3.41,mid,artifacts/sku-audit/images/desert/desert-015.jpg,https://363363.ru/images/148_pirozhnoe-molochnaya-devochka-crop-u51736.jpg?crc=72238692
napitki,napitki-011,Сок Добрый Ананас,,5.07,6.16,3.73,mid,artifacts/sku-audit/images/napitki/napitki-011.jpg,https://363363.ru/images/ananasovyj-800x600.jpg?crc=192939750
zakuski,zakuski-015,Блины с красной икрой,420.0,5.09,5.67,4.38,mid,artifacts/sku-audit/images/zakuski/zakuski-015.jpg,https://363363.ru/images/00000008.jpg?crc=4112249787
zakuski,zakuski-016,Блины по царски,420.0,5.09,5.67,4.38,mid,artifacts/sku-audit/images/zakuski/zakuski-016.jpg,https://363363.ru/images/00000008.jpg?crc=4112249787
napitki,napitki-007,Сок яблочно-морковный свежевыжатый,350.0,5.14,5.47,4.74,mid,artifacts/sku-audit/images/napitki/napitki-007.jpg,https://363363.ru/images/apple-carrot-900x900-900x900.jpg?crc=3881199723
furshetmenu,furshetmenu-008,Салат Столичный,1000.0,5.17,5.88,4.31,mid,artifacts/sku-audit/images/furshetmenu/furshetmenu-008.jpg,https://363363.ru/images/1305.jpg?crc=3959822156
desert,desert-010,Ассорти трюфельных конфет,150.0,5.19,6.46,3.63,mid,artifacts/sku-audit/images/desert/desert-010.jpg,https://363363.ru/images/ss9.jpg?crc=3954042276
furshetmenu,furshetmenu-015,Морской каприз,1800.0,5.24,6.05,4.25,mid,artifacts/sku-audit/images/furshetmenu/furshetmenu-015.jpg,https://363363.ru/images/73522500_krev.jpg?crc=237995202
napitki,napitki-015,Сок Добрый Яблоко-Малина-Черноплодная рябина,,5.35,6.65,3.77,mid,artifacts/sku-audit/images/napitki/napitki-015.jpg,https://363363.ru/images/5925_0.jpg?crc=4101238338
desert,desert-007,Волованы,150.0,5.36,5.73,4.9,mid,artifacts/sku-audit/images/desert/desert-007.jpg,https://363363.ru/images/ss4.jpg?crc=504354124
zakuski,zakuski-028,Праздничный салат в фуршетной форме на выбор,210.0,5.38,4.89,5.97,mid,artifacts/sku-audit/images/zakuski/zakuski-028.jpg,https://363363.ru/images/salat_iz_pecheni_treski_sloenii-210359.jpg?crc=4216082104
hot,hot-007,Отбивная из курицы с шампиньонами,1400.0,5.39,5.5,5.25,mid,artifacts/sku-audit/images/hot/hot-007.jpg,https://363363.ru/images/kurinaja-otbivnaja.jpg?crc=175871323
zakuski,zakuski-021,Заливное из говядины,210.0,5.39,5.61,5.12,mid,artifacts/sku-audit/images/zakuski/zakuski-021.jpg,https://363363.ru/images/b3085f5b.jpg?crc=100548900
desert,desert-014,Яблоко запеченное (рекомендовано к посту),320.0,5.44,5.11,5.84,mid,artifacts/sku-audit/images/desert/desert-014.jpg,https://363363.ru/images/orig.jpg?crc=514467529
napitki,napitki-016,Сок Добрый Яблоко-Вишня-Черноплодная рябина,,5.46,6.91,3.69,mid,artifacts/sku-audit/images/napitki/napitki-016.png,https://363363.ru/images/1-vishnya.png?crc=4147684703
hot,hot-031,Утка запеченная с яблоками,1900.0,5.47,5.34,5.62,mid,artifacts/sku-audit/images/hot/hot-031.jpg,https://363363.ru/images/image%2070%20(7).jpg?crc=501540780
furshetmenu,furshetmenu-011,Салат Оливье,1100.0,5.48,5.84,5.05,mid,artifacts/sku-audit/images/furshetmenu/furshetmenu-011.jpg,https://363363.ru/images/olive-s-kolbasoy-620x350.jpg?crc=3763847729
napitki,napitki-010,Сок Добрый Персик,,5.48,6.77,3.91,mid,artifacts/sku-audit/images/napitki/napitki-010.jpg,https://363363.ru/images/199bfc34-dc53-11e5-bf2e-7446a0fe36b1_fd6e63b0-dd79-11e5-bf2e-7446a0fe36b1.jpg?crc=4034752017
napitki,napitki-003,Coca Cola,,5.52,7.29,3.36,mid,artifacts/sku-audit/images/napitki/napitki-003.jpg,https://363363.ru/images/4340.jpg?crc=3888368262
napitki,napitki-009,Сок Добрый Яблоко,,5.53,6.78,4.01,mid,artifacts/sku-audit/images/napitki/napitki-009.jpg,https://363363.ru/images/large_image.jpg?crc=254181845
napitki,napitki-013,Сок Добрый Томат,,5.53,6.83,3.95,mid,artifacts/sku-audit/images/napitki/napitki-013.jpg,https://363363.ru/images/443488_1.jpg?crc=303541202
hot,hot-035,БЕДРО КУРИНОЕ ЖАРЕНОЕ,700.0,5.58,6.09,4.96,mid,artifacts/sku-audit/images/hot/hot-035.jpg,https://363363.ru/images/1455965426_kak-pozharit-kurinyye-bedra.jpg?crc=155922550
zakuski,zakuski-010,Мини пирожки на выбор,95.0,5.59,5.9,5.21,mid,artifacts/sku-audit/images/zakuski/zakuski-010.jpg,https://363363.ru/images/00000010.jpg?crc=3819419139
zakuski,zakuski-011,Мини пирожки с сёмгой,120.0,5.59,5.9,5.21,mid,artifacts/sku-audit/images/zakuski/zakuski-011.jpg,https://363363.ru/images/00000010.jpg?crc=3819419139
napitki,napitki-008,Сок Добрый Апельсин,,5.62,6.28,4.82,mid,artifacts/sku-audit/images/napitki/napitki-008.png,https://363363.ru/images/apel.png?crc=3782532649
hot,hot-005,Свинина запеченная с опятами,1500.0,5.63,5.97,5.22,mid,artifacts/sku-audit/images/hot/hot-005.jpg,https://363363.ru/images/41a6fd888a2d9c47345937a583ac7d20_20712.jpg?crc=60654276
desert,desert-016,Пирожное лакомка,150.0,5.64,4.26,7.32,mid,artifacts/sku-audit/images/desert/desert-016.jpg,https://363363.ru/images/1646124094_7-balthazar-club-p-pirozhnoe-lakomka-8-crop-u57022.jpg?crc=345778077
hot,hot-010,Картофель запеченный под сыром с грибами,850.0,5.65,4.71,6.8,mid,artifacts/sku-audit/images/hot/hot-010.jpg,https://363363.ru/images/kartofel_s_gribami_i_sirom-crop-u18921.jpg?crc=4219340121
hot,hot-022,Отбивная из курицы под ананасом,1400.0,5.66,5.09,6.35,mid,artifacts/sku-audit/images/hot/hot-022.jpg,https://363363.ru/images/p0lpfnlhiso.jpg?crc=420564000
zakuski,zakuski-025,Запеченная подушечка из брокколи и картофеля с семгой холодного копчения,250.0,5.68,5.47,5.93,mid,artifacts/sku-audit/images/zakuski/zakuski-025.jpg,https://363363.ru/images/kurica_s_brokkoli_v_duhovke-128681-crop-u49986.jpg?crc=53049579
zakuski,zakuski-034,БУТЕРБРОД ГОРЯЧИЙ С СЕМГОЙ И СЫРОМ,290.0,5.68,5.11,6.38,mid,artifacts/sku-audit/images/zakuski/zakuski-034.jpg,https://363363.ru/images/buterbrody-s-semgoj-recept-s-foto-2.jpg?crc=124935286
hot,hot-024,Котлетки рубленные по Албански из курицы,950.0,5.7,5.97,5.37,mid,artifacts/sku-audit/images/hot/hot-024.jpg,https://363363.ru/images/image%2070.jpg?crc=102686630
napitki,napitki-005,Сок морковный свежевыжатый,250.0,5.7,6.07,5.25,mid,artifacts/sku-audit/images/napitki/napitki-005.jpg,https://363363.ru/images/sok_1.jpg?crc=141283356
napitki,napitki-004,Pepsi,,5.72,7.58,3.45,mid,artifacts/sku-audit/images/napitki/napitki-004.jpg,https://363363.ru/images/pepsi.jpg?crc=4227739593
zakuski,zakuski-002,Канапе с сёмгой,210.0,5.74,5.73,5.75,mid,artifacts/sku-audit/images/zakuski/zakuski-002.jpg,https://363363.ru/images/1221321321-crop-u44613.jpg?crc=229345436
zakuski,zakuski-027,Мини-круассан с угрем,230.0,5.75,5.93,5.54,mid,artifacts/sku-audit/images/zakuski/zakuski-027.png,https://363363.ru/images/232223232322.png?crc=3844695786
zakuski,zakuski-029,Мини-круассан с лососем,270.0,5.75,5.93,5.54,mid,artifacts/sku-audit/images/zakuski/zakuski-029.png,https://363363.ru/images/232223232322.png?crc=3844695786
zakuski,zakuski-030,Мини-круассан со свининой и овощами,230.0,5.75,5.93,5.54,mid,artifacts/sku-audit/images/zakuski/zakuski-030.png,https://363363.ru/images/232223232322.png?crc=3844695786
zakuski,zakuski-032,Мини-круассан с курицей,230.0,5.75,5.93,5.54,mid,artifacts/sku-audit/images/zakuski/zakuski-032.png,https://363363.ru/images/232223232322.png?crc=3844695786
furshetmenu,furshetmenu-016,Острый по-пекински,1200.0,5.78,6.27,5.17,mid,artifacts/sku-audit/images/furshetmenu/furshetmenu-016.jpg,https://363363.ru/images/600x398_0_d6d77afcf74dab5ec32d73a1773f71e2%40800x530_0x59f91261_8047202761381418290.jpg?crc=117768003
zakuski,zakuski-035,"КАНАПЕ С КУРОЧКОЙ, ПОМИДОРОМ ЧЕРРИ И СЫРОМ НА ШПАЖКЕ",180.0,5.78,5.53,6.08,mid,artifacts/sku-audit/images/zakuski/zakuski-035.jpg,https://363363.ru/images/image%2074-crop-u55777.jpg?crc=4288374818
hot,hot-017,Картофель отварной с зеленью,600.0,5.8,3.37,8.78,mid,artifacts/sku-audit/images/hot/hot-017.jpg,https://363363.ru/images/varenaya_kartoshka_s_zeleniu-189008.jpg?crc=4008126318
zakuski,zakuski-013,Рулетики из языка,470.0,5.8,6.75,4.63,mid,artifacts/sku-audit/images/zakuski/zakuski-013.png,https://363363.ru/images/%d1%80%d1%83%d0%bb%d0%b5%d1%82%d0%b8%d0%ba%d0%b8-%d0%b8%d0%b7-%d1%8f%d0%b7%d1%8b%d0%ba%d0%b0-crop-u40243.png?crc=4199695538
zakuski,zakuski-024,Заливное из семги,210.0,5.81,4.74,7.11,mid,artifacts/sku-audit/images/zakuski/zakuski-024.jpg,https://363363.ru/images/zalivnoe_iz_semgi-crop-u49077.jpg?crc=5424624
furshetmenu,furshetmenu-007,Салат Цезарь с курицей,1200.0,5.84,6.79,4.67,mid,artifacts/sku-audit/images/furshetmenu/furshetmenu-007.jpg,https://363363.ru/images/%d1%86%d0%b5%d0%b7%d0%b0%d1%80%d1%8c.jpg?crc=3774747153
furshetmenu,furshetmenu-014,Праздничный с языком,1600.0,5.85,6.79,4.7,mid,artifacts/sku-audit/images/furshetmenu/furshetmenu-014.jpg,https://363363.ru/images/15173203-beef-tongue-salad-with-ham-eggs-vegetables-and-nuts-garnished--stock-photo.jpg?crc=294535417
furshetmenu,furshetmenu-005,Цукини обжаренные с помидорками черри,1400.0,5.86,4.89,7.05,mid,artifacts/sku-audit/images/furshetmenu/furshetmenu-005.jpg,https://363363.ru/images/%d1%86%d1%83%d0%ba%d0%b8%d0%bd%d0%b8234.jpg?crc=89524891
hot,hot-033,КУРИЦА ЖАРЕНАЯ,750.0,5.88,6.22,5.46,mid,artifacts/sku-audit/images/hot/hot-033.jpg,https://363363.ru/images/image%2073.jpg?crc=367730933
zakuski,zakuski-007,Б УТЕРБРОДы на выбор,250.0,5.89,7.37,4.07,mid,artifacts/sku-audit/images/zakuski/zakuski-007.jpg,https://363363.ru/images/00000007.jpg?crc=3916307764
zakuski,zakuski-008,Бутерброды с угрём,250.0,5.89,7.37,4.07,mid,artifacts/sku-audit/images/zakuski/zakuski-008.jpg,https://363363.ru/images/00000007.jpg?crc=3916307764
desert,desert-020,Десерт Трайфл Сникерс,240.0,5.89,6.97,4.56,mid,artifacts/sku-audit/images/desert/desert-020.jpg,https://363363.ru/images/1583513490_14-p-traifli-snikers-44.jpg?crc=3854124199
napitki,napitki-018,Морс Клюквенный,350.0,5.93,7.36,4.19,mid,artifacts/sku-audit/images/napitki/napitki-018.png,https://363363.ru/images/klukvenniy_mors-crop-u40576.png?crc=3871546431
napitki,napitki-019,Морс Ягодное ассорти,350.0,5.93,7.36,4.19,mid,artifacts/sku-audit/images/napitki/napitki-019.png,https://363363.ru/images/klukvenniy_mors-crop-u57903.png?crc=3871546431
hot,hot-029,Мясо по-французски,1300.0,5.94,5.81,6.09,mid,artifacts/sku-audit/images/hot/hot-029.jpg,https://363363.ru/images/image%2070%20(5).jpg?crc=124109785
hot,hot-023,Рубленное мясо «Французи»,950.0,5.99,5.93,6.07,mid,artifacts/sku-audit/images/hot/hot-023.jpg,https://363363.ru/images/rubmyaso23-crop-u45347.jpg?crc=4152744400
desert,desert-011,Улитки с корицей,150.0,5.99,7.43,4.24,mid,artifacts/sku-audit/images/desert/desert-011.jpg,https://363363.ru/images/ss10.jpg?crc=403781281
desert,desert-009,Бисквитное ассорти,150.0,6.01,6.92,4.89,mid,artifacts/sku-audit/images/desert/desert-009.jpg,https://363363.ru/images/ss7.jpg?crc=446737775
hot,hot-028,Азу из говядины,1700.0,6.02,5.71,6.4,mid,artifacts/sku-audit/images/hot/hot-028.jpg,https://363363.ru/images/image%2070%20(4).jpg?crc=388606395
hot,hot-025,Свинина по Барски,1700.0,6.04,5.85,6.28,mid,artifacts/sku-audit/images/hot/hot-025.jpg,https://363363.ru/images/image%2070%20(1).jpg?crc=4003088691
napitki,napitki-002,Bon Aqua не газ.,,6.04,7.83,3.85,mid,artifacts/sku-audit/images/napitki/napitki-002.jpg,https://363363.ru/images/menu__big147__php7wknhq.jpg?crc=3806027823
zakuski,zakuski-018,Профитроли с куриным рулетом,145.0,6.07,6.54,5.5,mid,artifacts/sku-audit/images/zakuski/zakuski-018.jpg,https://363363.ru/images/00000002.jpg?crc=4221125558
zakuski,zakuski-019,Профитроли с сырно-крабовой начинкой,145.0,6.07,6.54,5.5,mid,artifacts/sku-audit/images/zakuski/zakuski-019.jpg,https://363363.ru/images/00000002.jpg?crc=4221125558
zakuski,zakuski-020,Профитроли с семгой,210.0,6.07,6.54,5.5,mid,artifacts/sku-audit/images/zakuski/zakuski-020.jpg,https://363363.ru/images/00000002.jpg?crc=4221125558
desert,desert-017,Пирожное красный бархат,150.0,6.1,6.39,5.74,mid,artifacts/sku-audit/images/desert/desert-017.jpg,https://363363.ru/images/image%2078-crop-u56857.jpg?crc=215218239
zakuski,zakuski-014,Салаты в тарталетках,95.0,6.11,7.25,4.72,mid,artifacts/sku-audit/images/zakuski/zakuski-014.jpg,https://363363.ru/images/00000013.jpg?crc=4000286669
zakuski,zakuski-031,Мини слоенная подушечка с креветкой,170.0,6.12,5.22,7.23,mid,artifacts/sku-audit/images/zakuski/zakuski-031.jpg,https://363363.ru/images/43184899_721717824876323_926069379979929864_n2-crop-u52930.jpg?crc=156077452
zakuski,zakuski-026,Мини слоеная подушечка,120.0,6.13,5.07,7.42,mid,artifacts/sku-audit/images/zakuski/zakuski-026.jpg,https://363363.ru/images/43184899_721717824876323_926069379979929864_n-crop-u50045.jpg?crc=316565728
furshetmenu,furshetmenu-004,Рулет куриный с яйцом и морковью,1400.0,6.15,6.06,6.26,mid,artifacts/sku-audit/images/furshetmenu/furshetmenu-004.jpg,https://363363.ru/images/%d0%ba%d1%83%d1%80%d0%b8%d0%bd%d1%8b%d0%b9%20%d1%80%d1%83%d0%bb%d0%b5%d1%821333.jpg?crc=332050248
hot,hot-020,Голень в медовом соусе во фритюре,1100.0,6.15,5.67,6.74,mid,artifacts/sku-audit/images/hot/hot-020.jpg,https://363363.ru/images/kurinie_nojki_v_panirovke-147450.jpg?crc=284729533
hot,hot-036,СВИНИНА ЗАПЕЧЕННАЯ С КАРТОФЕЛЕМ,1050.0,6.16,6.11,6.21,mid,artifacts/sku-audit/images/hot/hot-036.jpg,https://363363.ru/images/image%20146.jpg?crc=3784239367
hot,hot-008,Отбивная нежность из курицы,1400.0,6.18,5.86,6.57,mid,artifacts/sku-audit/images/hot/hot-008.jpg,https://363363.ru/images/kurinie_otbivnie_pod_shuboi-168662.jpg?crc=3935866727
furshetmenu,furshetmenu-002,Рыбное ассорти,950.0,6.21,6.35,6.04,mid,artifacts/sku-audit/images/furshetmenu/furshetmenu-002.jpg,https://363363.ru/images/rybnoe_assorti.jpg?crc=4174051548
furshetmenu,furshetmenu-012,Морское дно (слоёный),1700.0,6.22,6.92,5.36,mid,artifacts/sku-audit/images/furshetmenu/furshetmenu-012.jpg,https://363363.ru/images/b96d43cc95c07c0c6816062a0d5d54f7-crop-u18168.jpg?crc=380263026
hot,hot-012,Семга по-царски,2900.0,6.23,5.84,6.71,mid,artifacts/sku-audit/images/hot/hot-012.jpg,https://363363.ru/images/%d1%81%d0%b5%d0%bc%d0%b3%d0%b0%20%d0%bf%d0%be%20%d1%86%d0%b0%d1%80%d1%81%d0%ba%d0%b8234.jpg?crc=3758212445
hot,hot-016,Скумбрия по средиземноморски,1200.0,6.24,6.46,5.96,mid,artifacts/sku-audit/images/hot/hot-016.png,https://363363.ru/images/599559955995.png?crc=395748506
desert,desert-004,Пирожные Вупи,150.0,6.24,8.02,4.07,mid,artifacts/sku-audit/images/desert/desert-004.jpg,https://363363.ru/images/ss5.jpg?crc=3920044723
furshetmenu,furshetmenu-003,Карбонат деликатесный запеченный,1900.0,6.25,7.04,5.28,mid,artifacts/sku-audit/images/furshetmenu/furshetmenu-003.jpg,https://363363.ru/images/main-57-a5ecedb569c2cfe7e345c9ef04e2ce06-crop-u17339.jpg?crc=4249559983
zakuski,zakuski-004,Волованы,110.0,6.26,7.56,4.67,mid,artifacts/sku-audit/images/zakuski/zakuski-004.jpg,https://363363.ru/images/00000004.jpg?crc=201249914
zakuski,zakuski-005,Закуска Картофель в беконе,160.0,6.27,7.34,4.97,mid,artifacts/sku-audit/images/zakuski/zakuski-005.jpg,https://363363.ru/images/00000005.jpg?crc=524814113
hot,hot-011,Рис с овощами по-испански,420.0,6.28,5.83,6.82,mid,artifacts/sku-audit/images/hot/hot-011.jpg,https://363363.ru/images/ris-s-ovoschami-v-multivarke.jpg?crc=315438175
desert,desert-013,Мусс банан-шоколад,150.0,6.28,7.26,5.09,mid,artifacts/sku-audit/images/desert/desert-013.jpg,https://363363.ru/images/ss12.jpg?crc=383247322
furshetmenu,furshetmenu-018,Торт Печеночный,1100.0,6.38,6.74,5.95,mid,artifacts/sku-audit/images/furshetmenu/furshetmenu-018.jpg,https://363363.ru/images/638b10ac1b88713128203f1d350a78ea.jpg?crc=300198844
zakuski,zakuski-006,Бутерброд с сёмгой,250.0,6.39,7.46,5.09,mid,artifacts/sku-audit/images/zakuski/zakuski-006.jpg,https://363363.ru/images/image%2077.jpg?crc=301546401
hot,hot-004,Свинина запеченная с помидорами,1500.0,6.44,6.58,6.27,mid,artifacts/sku-audit/images/hot/hot-004.jpg,https://363363.ru/images/svinina-v-multivarke-3.jpg?crc=259499326
hot,hot-006,Свинина запеченная с болгарским перцем,1500.0,6.44,6.58,6.27,mid,artifacts/sku-audit/images/hot/hot-006.jpg,https://363363.ru/images/svinina-v-multivarke-3.jpg?crc=259499326
hot,hot-026,Баранина с овощами,2200.0,6.47,4.65,8.7,mid,artifacts/sku-audit/images/hot/hot-026.jpg,https://363363.ru/images/image%2070%20(2).jpg?crc=3848637433
desert,desert-008,Пирожное Медовик,150.0,6.49,7.18,5.64,mid,artifacts/sku-audit/images/desert/desert-008.jpg,https://363363.ru/images/ss6.jpg?crc=140937962
zakuski,zakuski-003,Ролл лаваш с семгой,220.0,6.5,7.86,4.84,high,artifacts/sku-audit/images/zakuski/zakuski-003.jpg,https://363363.ru/images/00000003.jpg?crc=65147201
desert,desert-001,Капкейки,150.0,6.52,7.96,4.76,high,artifacts/sku-audit/images/desert/desert-001.jpg,https://363363.ru/images/ss8.jpg?crc=3919582310
zakuski,zakuski-012,Рулетики из баклажанов,1400.0,6.53,8.56,4.05,high,artifacts/sku-audit/images/zakuski/zakuski-012.jpg,https://363363.ru/images/00000014.jpg?crc=217857861
zakuski,zakuski-022,Сет мясной,990.0,6.53,5.41,7.9,high,artifacts/sku-audit/images/zakuski/zakuski-022.jpg,https://363363.ru/images/setmyaso-crop-u49450.jpg?crc=85428856
zakuski,zakuski-009,Огуречные стаканчики,150.0,6.54,8.06,4.68,high,artifacts/sku-audit/images/zakuski/zakuski-009.jpg,https://363363.ru/images/00000009.jpg?crc=244409587
zakuski,zakuski-033,Заливное из языка,210.0,6.61,7.59,5.41,high,artifacts/sku-audit/images/zakuski/zakuski-033.jpg,https://363363.ru/images/zalivnoeizyazika.jpg?crc=3965539848
zakuski,zakuski-017,Закуска Роллы с курицей,160.0,6.62,7.26,5.84,high,artifacts/sku-audit/images/zakuski/zakuski-017.jpg,https://363363.ru/images/whatsapp%20image%202019-12-27%20at%20133854.jpg?crc=3874218344
hot,hot-003,Шашлык из семги,2700.0,6.65,7.16,6.02,high,artifacts/sku-audit/images/hot/hot-003.jpg,https://363363.ru/images/1434147740_shashlyk-iz-semgi-5.jpg?crc=503596528
desert,desert-005,Фруктовое канапе,150.0,6.67,7.92,5.14,high,artifacts/sku-audit/images/desert/desert-005.jpg,https://363363.ru/images/ss1.jpg?crc=199296026
desert,desert-012,Тарталетки с грецким орехом,150.0,6.68,7.95,5.13,high,artifacts/sku-audit/images/desert/desert-012.jpg,https://363363.ru/images/ss11.jpg?crc=4032111428
napitki,napitki-017,Морс Брусничный,350.0,6.69,8.41,4.58,high,artifacts/sku-audit/images/napitki/napitki-017.jpg,https://363363.ru/images/jagody_i_mors176x176.jpg?crc=4159277901
hot,hot-014,Рулька свиная запеченная,900.0,6.72,6.79,6.63,high,artifacts/sku-audit/images/hot/hot-014.jpg,https://363363.ru/images/maxresdefault.jpg?crc=3918301056
desert,desert-002,Тарталетки лесная ягода,150.0,6.72,8.84,4.14,high,artifacts/sku-audit/images/desert/desert-002.jpg,https://363363.ru/images/ss3.jpg?crc=517277505
desert,desert-003,Тирамсу,150.0,6.72,8.34,4.75,high,artifacts/sku-audit/images/desert/desert-003.jpg,https://363363.ru/images/ss13.jpg?crc=294705322
hot,hot-034,ГОЛЕНЬ КУРИНАЯ ЖАРЕНАЯ,820.0,6.78,6.86,6.69,high,artifacts/sku-audit/images/hot/hot-034.jpg,https://363363.ru/images/kak_pozharit_kurinye_nozhki_s_korochkoy.jpg?crc=3832375862
napitki,napitki-014,Сок Добрый Груша,,6.79,7.6,5.81,high,artifacts/sku-audit/images/napitki/napitki-014.jpg,https://363363.ru/images/1016882580.jpg?crc=3897245099
hot,hot-018,Рулеты из свинины фаршированные шампиньонами,1700.0,6.81,6.0,7.81,high,artifacts/sku-audit/images/hot/hot-018.png,https://363363.ru/images/ruletiki-iz-govyadiny-s-gribami-300x216.png?crc=394399207
furshetmenu,furshetmenu-009,Гранатовый браслет,1300.0,6.85,7.3,6.3,high,artifacts/sku-audit/images/furshetmenu/furshetmenu-009.jpg,https://363363.ru/images/402989013-crop-u18006.jpg?crc=204307986
furshetmenu,furshetmenu-010,Сельдь под шубой,1300.0,6.86,7.41,6.19,high,artifacts/sku-audit/images/furshetmenu/furshetmenu-010.jpg,https://363363.ru/images/79c07af8ad4b96674a100dd200ff32c3_cropped_612x408.jpg?crc=80195737
zakuski,zakuski-023,Сет рыбный,1400.0,6.87,5.27,8.82,high,artifacts/sku-audit/images/zakuski/zakuski-023.jpg,https://363363.ru/images/setmore-crop-u49502.jpg?crc=43786724
furshetmenu,furshetmenu-006,Салат Генеральский,1800.0,6.88,6.44,7.42,high,artifacts/sku-audit/images/furshetmenu/furshetmenu-006.jpg,https://363363.ru/images/information_items_12913-crop-u17857.jpg?crc=517347454
furshetmenu,furshetmenu-021,Салат по сицилийски,1450.0,6.91,7.21,6.55,high,artifacts/sku-audit/images/furshetmenu/furshetmenu-021.jpg,https://363363.ru/images/%d0%b8%d0%b7%d0%be%d0%b1%d1%80%d0%b0%d0%b6%d0%b5%d0%bd%d0%b8%d0%b5%20whatsapp%202024-01-23%20%d0%b2%20151142_f8ea92cb-crop-u80572.jpg?crc=4231917769
zakuski,zakuski-001,Канапе на выбор,120.0,6.92,8.06,5.53,high,artifacts/sku-audit/images/zakuski/zakuski-001.jpg,https://363363.ru/images/00000001.jpg?crc=374478272
furshetmenu,furshetmenu-013,Гнездо глухаря (слоеный),1400.0,6.94,7.6,6.13,high,artifacts/sku-audit/images/furshetmenu/furshetmenu-013.jpg,https://363363.ru/images/83547291_dsc_7404-crop-u18402.jpg?crc=252380366
furshetmenu,furshetmenu-022,Салат норвежский,1700.0,6.95,5.64,8.56,high,artifacts/sku-audit/images/furshetmenu/furshetmenu-022.jpg,https://363363.ru/images/%d0%b8%d0%b7%d0%be%d0%b1%d1%80%d0%b0%d0%b6%d0%b5%d0%bd%d0%b8%d0%b5%20whatsapp%202024-01-23%20%d0%b2%20151142_840e4d5b-crop-u80624.jpg?crc=339684661
hot,hot-009,Картофель по-деревенски,600.0,6.99,6.3,7.83,high,artifacts/sku-audit/images/hot/hot-009.jpg,https://363363.ru/images/1451248525_kartofelnye-dolki-po-derevenski.jpg?crc=391273178
furshetmenu,furshetmenu-001,Салат «Восторг»,1200.0,7.04,7.51,6.46,high,artifacts/sku-audit/images/furshetmenu/furshetmenu-001.jpg,https://363363.ru/images/salat-s-ananasami.jpg?crc=4168189161
hot,hot-001,Шашлык из куриного филе,1500.0,7.2,7.36,7.0,high,artifacts/sku-audit/images/hot/hot-001.jpg,https://363363.ru/images/recept-shashlik-iz-kuricy31.jpg?crc=4126558266
hot,hot-002,Шашлык из свинины с овощами,1900.0,7.29,7.53,7.0,high,artifacts/sku-audit/images/hot/hot-002.jpg,https://363363.ru/images/b81e03-c47df456b38b4a8b9c4879770f944e73-600x399-crop-u17617.jpg?crc=451295926
hot,hot-032,КУРИЦА ГРИЛЬ,790.0,7.52,6.55,8.7,high,artifacts/sku-audit/images/hot/hot-032.jpg,https://363363.ru/images/7ba76875cfb0a438f97f603b7b6bcfad_cropped_740x537.jpg?crc=277360809
hot,hot-015,Сотэ из баклажанов,1100.0,7.82,7.51,8.2,high,artifacts/sku-audit/images/hot/hot-015.jpg,https://363363.ru/images/sote-iz-baklazhanov-recept-sote-iz-baklazhanov-s-foto.jpg?crc=111185878
hot,hot-019,Крылышки в медовом соусе во фритюре,1100.0,7.82,6.99,8.84,high,artifacts/sku-audit/images/hot/hot-019.jpg,https://363363.ru/images/krilishki-med-1.jpg?crc=3969700622
hot,hot-013,Голень индейки запеченная,990.0,7.83,8.42,7.1,high,artifacts/sku-audit/images/hot/hot-013.jpg,https://363363.ru/images/dsc_5531.jpg?crc=211479739
